<?xml version="1.0" encoding="UTF-8"?>

<samplemap ID="harmonics" RRGroupAmount="2" MicPositions=";" SaveMode="2">
  <sample Root="50" LoKey="48" HiKey="50" LoVel="0" HiVel="127" RRGroup="2"
          FileName="H:\Music Production\Custom\AG-20\samples\harmonics\final\Harmonic rr2 50.wav"
          Duplicate="1" MonolithOffset="0" MonolithLength="532480" SampleRate="44100"/>
  <sample Root="51" LoKey="51" HiKey="51" LoVel="0" HiVel="127" RRGroup="2"
          FileName="H:\Music Production\Custom\AG-20\samples\harmonics\final\Harmonic rr2 51.wav"
          Duplicate="1" MonolithOffset="532480" MonolithLength="520192"
          SampleRate="44100"/>
  <sample Root="52" LoKey="52" HiKey="52" LoVel="0" HiVel="127" RRGroup="2"
          FileName="H:\Music Production\Custom\AG-20\samples\harmonics\final\Harmonic rr2 52.wav"
          Duplicate="1" MonolithOffset="1052672" MonolithLength="528384"
          SampleRate="44100"/>
  <sample Root="53" LoKey="53" HiKey="53" LoVel="0" HiVel="127" RRGroup="2"
          FileName="H:\Music Production\Custom\AG-20\samples\harmonics\final\Harmonic rr2 53.wav"
          Duplicate="1" MonolithOffset="1581056" MonolithLength="573440"
          SampleRate="44100"/>
  <sample Root="54" LoKey="54" HiKey="54" LoVel="0" HiVel="127" RRGroup="2"
          FileName="H:\Music Production\Custom\AG-20\samples\harmonics\final\Harmonic rr2 54.wav"
          Duplicate="1" MonolithOffset="2154496" MonolithLength="466944"
          SampleRate="44100"/>
  <sample Root="55" LoKey="55" HiKey="55" LoVel="0" HiVel="127" RRGroup="2"
          FileName="H:\Music Production\Custom\AG-20\samples\harmonics\final\Harmonic rr2 55.wav"
          Duplicate="1" MonolithOffset="2621440" MonolithLength="585728"
          SampleRate="44100"/>
  <sample Root="56" LoKey="56" HiKey="56" LoVel="0" HiVel="127" RRGroup="2"
          FileName="H:\Music Production\Custom\AG-20\samples\harmonics\final\Harmonic rr2 56.wav"
          Duplicate="1" MonolithOffset="3207168" MonolithLength="499712"
          SampleRate="44100"/>
  <sample Root="57" LoKey="57" HiKey="57" LoVel="0" HiVel="127" RRGroup="2"
          FileName="H:\Music Production\Custom\AG-20\samples\harmonics\final\Harmonic rr2 57.wav"
          Duplicate="1" MonolithOffset="3706880" MonolithLength="528384"
          SampleRate="44100"/>
  <sample Root="58" LoKey="58" HiKey="58" LoVel="0" HiVel="127" RRGroup="2"
          FileName="H:\Music Production\Custom\AG-20\samples\harmonics\final\Harmonic rr2 58.wav"
          Duplicate="1" MonolithOffset="4235264" MonolithLength="561152"
          SampleRate="44100"/>
  <sample Root="59" LoKey="59" HiKey="59" LoVel="0" HiVel="127" RRGroup="2"
          FileName="H:\Music Production\Custom\AG-20\samples\harmonics\final\Harmonic rr2 59.wav"
          Duplicate="1" MonolithOffset="4796416" MonolithLength="409600"
          SampleRate="44100"/>
  <sample Root="60" LoKey="60" HiKey="60" LoVel="0" HiVel="127" RRGroup="2"
          FileName="H:\Music Production\Custom\AG-20\samples\harmonics\final\Harmonic rr2 60.wav"
          Duplicate="1" MonolithOffset="5206016" MonolithLength="618496"
          SampleRate="44100"/>
  <sample Root="61" LoKey="61" HiKey="61" LoVel="0" HiVel="127" RRGroup="2"
          FileName="H:\Music Production\Custom\AG-20\samples\harmonics\final\Harmonic rr2 61.wav"
          Duplicate="1" MonolithOffset="5824512" MonolithLength="425984"
          SampleRate="44100"/>
  <sample Root="62" LoKey="62" HiKey="62" LoVel="0" HiVel="127" RRGroup="2"
          FileName="H:\Music Production\Custom\AG-20\samples\harmonics\final\Harmonic rr2 62.wav"
          Duplicate="1" MonolithOffset="6250496" MonolithLength="557056"
          SampleRate="44100"/>
  <sample Root="63" LoKey="63" HiKey="63" LoVel="0" HiVel="127" RRGroup="2"
          FileName="H:\Music Production\Custom\AG-20\samples\harmonics\final\Harmonic rr2 63.wav"
          Duplicate="1" MonolithOffset="6807552" MonolithLength="507904"
          SampleRate="44100"/>
  <sample Root="64" LoKey="64" HiKey="64" LoVel="0" HiVel="127" RRGroup="2"
          FileName="H:\Music Production\Custom\AG-20\samples\harmonics\final\Harmonic rr2 64.wav"
          Duplicate="1" MonolithOffset="7315456" MonolithLength="507904"
          SampleRate="44100"/>
  <sample Root="65" LoKey="65" HiKey="65" LoVel="0" HiVel="127" RRGroup="2"
          FileName="H:\Music Production\Custom\AG-20\samples\harmonics\final\Harmonic rr2 65.wav"
          Duplicate="1" MonolithOffset="7823360" MonolithLength="520192"
          SampleRate="44100"/>
  <sample Root="66" LoKey="66" HiKey="66" LoVel="0" HiVel="127" RRGroup="2"
          FileName="H:\Music Production\Custom\AG-20\samples\harmonics\final\Harmonic rr2 66.wav"
          Duplicate="1" MonolithOffset="8343552" MonolithLength="622592"
          SampleRate="44100"/>
  <sample Root="67" LoKey="67" HiKey="67" LoVel="0" HiVel="127" RRGroup="2"
          FileName="H:\Music Production\Custom\AG-20\samples\harmonics\final\Harmonic rr2 67.wav"
          Duplicate="1" MonolithOffset="8966144" MonolithLength="655360"
          SampleRate="44100"/>
  <sample Root="68" LoKey="68" HiKey="68" LoVel="0" HiVel="127" RRGroup="2"
          FileName="H:\Music Production\Custom\AG-20\samples\harmonics\final\Harmonic rr2 68.wav"
          Duplicate="1" MonolithOffset="9621504" MonolithLength="622592"
          SampleRate="44100"/>
  <sample Root="69" LoKey="69" HiKey="69" LoVel="0" HiVel="127" RRGroup="2"
          FileName="H:\Music Production\Custom\AG-20\samples\harmonics\final\Harmonic rr2 69.wav"
          Duplicate="1" MonolithOffset="10244096" MonolithLength="348160"
          SampleRate="44100"/>
  <sample Root="70" LoKey="70" HiKey="70" LoVel="0" HiVel="127" RRGroup="2"
          FileName="H:\Music Production\Custom\AG-20\samples\harmonics\final\Harmonic rr2 70.wav"
          Duplicate="1" MonolithOffset="10592256" MonolithLength="462848"
          SampleRate="44100"/>
  <sample Root="71" LoKey="71" HiKey="71" LoVel="0" HiVel="127" RRGroup="2"
          FileName="H:\Music Production\Custom\AG-20\samples\harmonics\final\Harmonic rr2 71.wav"
          Duplicate="1" MonolithOffset="11055104" MonolithLength="409600"
          SampleRate="44100"/>
  <sample Root="72" LoKey="72" HiKey="72" LoVel="0" HiVel="127" RRGroup="2"
          FileName="H:\Music Production\Custom\AG-20\samples\harmonics\final\Harmonic rr2 72.wav"
          Duplicate="1" MonolithOffset="11464704" MonolithLength="593920"
          SampleRate="44100"/>
  <sample Root="73" LoKey="73" HiKey="73" LoVel="0" HiVel="127" RRGroup="2"
          FileName="H:\Music Production\Custom\AG-20\samples\harmonics\final\Harmonic rr2 73.wav"
          Duplicate="1" MonolithOffset="12058624" MonolithLength="327680"
          SampleRate="44100"/>
  <sample Root="74" LoKey="74" HiKey="74" LoVel="0" HiVel="127" RRGroup="2"
          FileName="H:\Music Production\Custom\AG-20\samples\harmonics\final\Harmonic rr2 74.wav"
          Duplicate="1" MonolithOffset="12386304" MonolithLength="409600"
          SampleRate="44100"/>
  <sample Root="75" LoKey="75" HiKey="75" LoVel="0" HiVel="127" RRGroup="2"
          FileName="H:\Music Production\Custom\AG-20\samples\harmonics\final\Harmonic rr2 75.wav"
          Duplicate="1" MonolithOffset="12795904" MonolithLength="352256"
          SampleRate="44100"/>
  <sample Root="76" LoKey="76" HiKey="76" LoVel="0" HiVel="127" RRGroup="2"
          FileName="H:\Music Production\Custom\AG-20\samples\harmonics\final\Harmonic rr2 76.wav"
          Duplicate="1" MonolithOffset="13148160" MonolithLength="299008"
          SampleRate="44100"/>
  <sample Root="77" LoKey="77" HiKey="77" LoVel="0" HiVel="127" RRGroup="2"
          FileName="H:\Music Production\Custom\AG-20\samples\harmonics\final\Harmonic rr2 77.wav"
          Duplicate="1" MonolithOffset="13447168" MonolithLength="389120"
          SampleRate="44100"/>
  <sample Root="78" LoKey="78" HiKey="78" LoVel="0" HiVel="127" RRGroup="2"
          FileName="H:\Music Production\Custom\AG-20\samples\harmonics\final\Harmonic rr2 78.wav"
          Duplicate="1" MonolithOffset="13836288" MonolithLength="331776"
          SampleRate="44100"/>
  <sample Root="79" LoKey="79" HiKey="81" LoVel="0" HiVel="127" RRGroup="2"
          FileName="H:\Music Production\Custom\AG-20\samples\harmonics\final\Harmonic rr2 79.wav"
          Duplicate="1" MonolithOffset="14168064" MonolithLength="425984"
          SampleRate="44100"/>
  <sample Root="50" LoKey="48" HiKey="50" LoVel="0" HiVel="127" RRGroup="1"
          FileName="H:\Music Production\Custom\AG-20\samples\harmonics\final\Harmonic rr1 50.wav"
          Duplicate="1" MonolithOffset="14594048" MonolithLength="520192"
          SampleRate="44100"/>
  <sample Root="51" LoKey="51" HiKey="51" LoVel="0" HiVel="127" RRGroup="1"
          FileName="H:\Music Production\Custom\AG-20\samples\harmonics\final\Harmonic rr1 51.wav"
          Duplicate="1" MonolithOffset="15114240" MonolithLength="577536"
          SampleRate="44100"/>
  <sample Root="52" LoKey="52" HiKey="52" LoVel="0" HiVel="127" RRGroup="1"
          FileName="H:\Music Production\Custom\AG-20\samples\harmonics\final\Harmonic rr1 52.wav"
          Duplicate="1" MonolithOffset="15691776" MonolithLength="552960"
          SampleRate="44100"/>
  <sample Root="53" LoKey="53" HiKey="53" LoVel="0" HiVel="127" RRGroup="1"
          FileName="H:\Music Production\Custom\AG-20\samples\harmonics\final\Harmonic rr1 53.wav"
          Duplicate="1" MonolithOffset="16244736" MonolithLength="573440"
          SampleRate="44100"/>
  <sample Root="54" LoKey="54" HiKey="54" LoVel="0" HiVel="127" RRGroup="1"
          FileName="H:\Music Production\Custom\AG-20\samples\harmonics\final\Harmonic rr1 54.wav"
          Duplicate="1" MonolithOffset="16818176" MonolithLength="471040"
          SampleRate="44100"/>
  <sample Root="55" LoKey="55" HiKey="55" LoVel="0" HiVel="127" RRGroup="1"
          FileName="H:\Music Production\Custom\AG-20\samples\harmonics\final\Harmonic rr1 55.wav"
          Duplicate="1" MonolithOffset="17289216" MonolithLength="589824"
          SampleRate="44100"/>
  <sample Root="56" LoKey="56" HiKey="56" LoVel="0" HiVel="127" RRGroup="1"
          FileName="H:\Music Production\Custom\AG-20\samples\harmonics\final\Harmonic rr1 56.wav"
          Duplicate="1" MonolithOffset="17879040" MonolithLength="458752"
          SampleRate="44100"/>
  <sample Root="57" LoKey="57" HiKey="57" LoVel="0" HiVel="127" RRGroup="1"
          FileName="H:\Music Production\Custom\AG-20\samples\harmonics\final\Harmonic rr1 57.wav"
          Duplicate="1" MonolithOffset="18337792" MonolithLength="512000"
          SampleRate="44100"/>
  <sample Root="58" LoKey="58" HiKey="58" LoVel="0" HiVel="127" RRGroup="1"
          FileName="H:\Music Production\Custom\AG-20\samples\harmonics\final\Harmonic rr1 58.wav"
          Duplicate="1" MonolithOffset="18849792" MonolithLength="389120"
          SampleRate="44100"/>
  <sample Root="59" LoKey="59" HiKey="59" LoVel="0" HiVel="127" RRGroup="1"
          FileName="H:\Music Production\Custom\AG-20\samples\harmonics\final\Harmonic rr1 59.wav"
          Duplicate="1" MonolithOffset="19238912" MonolithLength="438272"
          SampleRate="44100"/>
  <sample Root="60" LoKey="60" HiKey="60" LoVel="0" HiVel="127" RRGroup="1"
          FileName="H:\Music Production\Custom\AG-20\samples\harmonics\final\Harmonic rr1 60.wav"
          Duplicate="1" MonolithOffset="19677184" MonolithLength="495616"
          SampleRate="44100"/>
  <sample Root="61" LoKey="61" HiKey="61" LoVel="0" HiVel="127" RRGroup="1"
          FileName="H:\Music Production\Custom\AG-20\samples\harmonics\final\Harmonic rr1 61.wav"
          Duplicate="1" MonolithOffset="20172800" MonolithLength="512000"
          SampleRate="44100"/>
  <sample Root="62" LoKey="62" HiKey="62" LoVel="0" HiVel="127" RRGroup="1"
          FileName="H:\Music Production\Custom\AG-20\samples\harmonics\final\Harmonic rr1 62.wav"
          Duplicate="1" MonolithOffset="20684800" MonolithLength="536576"
          SampleRate="44100"/>
  <sample Root="63" LoKey="63" HiKey="63" LoVel="0" HiVel="127" RRGroup="1"
          FileName="H:\Music Production\Custom\AG-20\samples\harmonics\final\Harmonic rr1 63.wav"
          Duplicate="1" MonolithOffset="21221376" MonolithLength="532480"
          SampleRate="44100"/>
  <sample Root="64" LoKey="64" HiKey="64" LoVel="0" HiVel="127" RRGroup="1"
          FileName="H:\Music Production\Custom\AG-20\samples\harmonics\final\Harmonic rr1 64.wav"
          Duplicate="1" MonolithOffset="21753856" MonolithLength="516096"
          SampleRate="44100"/>
  <sample Root="65" LoKey="65" HiKey="65" LoVel="0" HiVel="127" RRGroup="1"
          FileName="H:\Music Production\Custom\AG-20\samples\harmonics\final\Harmonic rr1 65.wav"
          Duplicate="1" MonolithOffset="22269952" MonolithLength="548864"
          SampleRate="44100"/>
  <sample Root="66" LoKey="66" HiKey="66" LoVel="0" HiVel="127" RRGroup="1"
          FileName="H:\Music Production\Custom\AG-20\samples\harmonics\final\Harmonic rr1 66.wav"
          Duplicate="1" MonolithOffset="22818816" MonolithLength="618496"
          SampleRate="44100"/>
  <sample Root="67" LoKey="67" HiKey="67" LoVel="0" HiVel="127" RRGroup="1"
          FileName="H:\Music Production\Custom\AG-20\samples\harmonics\final\Harmonic rr1 67.wav"
          Duplicate="1" MonolithOffset="23437312" MonolithLength="606208"
          SampleRate="44100"/>
  <sample Root="68" LoKey="68" HiKey="68" LoVel="0" HiVel="127" RRGroup="1"
          FileName="H:\Music Production\Custom\AG-20\samples\harmonics\final\Harmonic rr1 68.wav"
          Duplicate="1" MonolithOffset="24043520" MonolithLength="585728"
          SampleRate="44100"/>
  <sample Root="69" LoKey="69" HiKey="69" LoVel="0" HiVel="127" RRGroup="1"
          FileName="H:\Music Production\Custom\AG-20\samples\harmonics\final\Harmonic rr1 69.wav"
          Duplicate="1" MonolithOffset="24629248" MonolithLength="323584"
          SampleRate="44100"/>
  <sample Root="70" LoKey="70" HiKey="70" LoVel="0" HiVel="127" RRGroup="1"
          FileName="H:\Music Production\Custom\AG-20\samples\harmonics\final\Harmonic rr1 70.wav"
          Duplicate="1" MonolithOffset="24952832" MonolithLength="446464"
          SampleRate="44100"/>
  <sample Root="71" LoKey="71" HiKey="71" LoVel="0" HiVel="127" RRGroup="1"
          FileName="H:\Music Production\Custom\AG-20\samples\harmonics\final\Harmonic rr1 71.wav"
          Duplicate="1" MonolithOffset="25399296" MonolithLength="458752"
          SampleRate="44100"/>
  <sample Root="72" LoKey="72" HiKey="72" LoVel="0" HiVel="127" RRGroup="1"
          FileName="H:\Music Production\Custom\AG-20\samples\harmonics\final\Harmonic rr1 72.wav"
          Duplicate="1" MonolithOffset="25858048" MonolithLength="434176"
          SampleRate="44100"/>
  <sample Root="73" LoKey="73" HiKey="73" LoVel="0" HiVel="127" RRGroup="1"
          FileName="H:\Music Production\Custom\AG-20\samples\harmonics\final\Harmonic rr1 73.wav"
          Duplicate="1" MonolithOffset="26292224" MonolithLength="331776"
          SampleRate="44100"/>
  <sample Root="74" LoKey="74" HiKey="74" LoVel="0" HiVel="127" RRGroup="1"
          FileName="H:\Music Production\Custom\AG-20\samples\harmonics\final\Harmonic rr1 74.wav"
          Duplicate="1" MonolithOffset="26624000" MonolithLength="393216"
          SampleRate="44100"/>
  <sample Root="75" LoKey="75" HiKey="75" LoVel="0" HiVel="127" RRGroup="1"
          FileName="H:\Music Production\Custom\AG-20\samples\harmonics\final\Harmonic rr1 75.wav"
          Duplicate="1" MonolithOffset="27017216" MonolithLength="385024"
          SampleRate="44100"/>
  <sample Root="76" LoKey="76" HiKey="76" LoVel="0" HiVel="127" RRGroup="1"
          FileName="H:\Music Production\Custom\AG-20\samples\harmonics\final\Harmonic rr1 76.wav"
          Duplicate="1" MonolithOffset="27402240" MonolithLength="307200"
          SampleRate="44100"/>
  <sample Root="77" LoKey="77" HiKey="77" LoVel="0" HiVel="127" RRGroup="1"
          FileName="H:\Music Production\Custom\AG-20\samples\harmonics\final\Harmonic rr1 77.wav"
          Duplicate="1" MonolithOffset="27709440" MonolithLength="323584"
          SampleRate="44100"/>
  <sample Root="78" LoKey="78" HiKey="78" LoVel="0" HiVel="127" RRGroup="1"
          FileName="H:\Music Production\Custom\AG-20\samples\harmonics\final\Harmonic rr1 78.wav"
          Duplicate="1" MonolithOffset="28033024" MonolithLength="311296"
          SampleRate="44100"/>
  <sample Root="79" LoKey="79" HiKey="81" LoVel="0" HiVel="127" RRGroup="1"
          FileName="H:\Music Production\Custom\AG-20\samples\harmonics\final\Harmonic rr1 79.wav"
          Duplicate="1" MonolithOffset="28344320" MonolithLength="299008"
          SampleRate="44100"/>
</samplemap>
