<?xml version="1.0" encoding="UTF-8"?>

<samplemap ID="interval 4th hard" RRGroupAmount="1" MicPositions=";" SaveMode="2">
  <sample Root="50" LoKey="48" HiKey="50" LoVel="0" HiVel="127" RRGroup="1"
          FileName="H:\Music Production\Custom\AG-20\samples\intervals\4th\4th s3 hard 50.wav"
          Duplicate="1" MonolithOffset="0" MonolithLength="516096" SampleRate="44100"/>
  <sample Root="51" LoKey="51" HiKey="51" LoVel="0" HiVel="127" RRGroup="1"
          FileName="H:\Music Production\Custom\AG-20\samples\intervals\4th\4th s3 hard 51.wav"
          Duplicate="1" MonolithOffset="516096" MonolithLength="438272"
          SampleRate="44100"/>
  <sample Root="52" LoKey="52" HiKey="52" LoVel="0" HiVel="127" RRGroup="1"
          FileName="H:\Music Production\Custom\AG-20\samples\intervals\4th\4th s3 hard 52.wav"
          Duplicate="1" MonolithOffset="954368" MonolithLength="389120"
          SampleRate="44100"/>
  <sample Root="53" LoKey="53" HiKey="53" LoVel="0" HiVel="127" RRGroup="1"
          FileName="H:\Music Production\Custom\AG-20\samples\intervals\4th\4th s3 hard 53.wav"
          Duplicate="1" MonolithOffset="1343488" MonolithLength="319488"
          SampleRate="44100"/>
  <sample Root="54" LoKey="54" HiKey="54" LoVel="0" HiVel="127" RRGroup="1"
          FileName="H:\Music Production\Custom\AG-20\samples\intervals\4th\4th s3 hard 54.wav"
          Duplicate="1" MonolithOffset="1662976" MonolithLength="368640"
          SampleRate="44100"/>
  <sample Root="55" LoKey="55" HiKey="55" LoVel="0" HiVel="127" RRGroup="1"
          FileName="H:\Music Production\Custom\AG-20\samples\intervals\4th\4th s4 hard 55.wav"
          Duplicate="1" MonolithOffset="2031616" MonolithLength="491520"
          SampleRate="44100"/>
  <sample Root="56" LoKey="56" HiKey="56" LoVel="0" HiVel="127" RRGroup="1"
          FileName="H:\Music Production\Custom\AG-20\samples\intervals\4th\4th s4 hard 56.wav"
          Duplicate="1" MonolithOffset="2523136" MonolithLength="430080"
          SampleRate="44100"/>
  <sample Root="57" LoKey="57" HiKey="57" LoVel="0" HiVel="127" RRGroup="1"
          FileName="H:\Music Production\Custom\AG-20\samples\intervals\4th\4th s4 hard 57.wav"
          Duplicate="1" MonolithOffset="2953216" MonolithLength="430080"
          SampleRate="44100"/>
  <sample Root="58" LoKey="58" HiKey="58" LoVel="0" HiVel="127" RRGroup="1"
          FileName="H:\Music Production\Custom\AG-20\samples\intervals\4th\4th s4 hard 58.wav"
          Duplicate="1" MonolithOffset="3383296" MonolithLength="430080"
          SampleRate="44100"/>
  <sample Root="59" LoKey="59" HiKey="59" LoVel="0" HiVel="127" RRGroup="1"
          FileName="H:\Music Production\Custom\AG-20\samples\intervals\4th\4th s4 hard 59.wav"
          Duplicate="1" MonolithOffset="3813376" MonolithLength="348160"
          SampleRate="44100"/>
  <sample Root="60" LoKey="60" HiKey="60" LoVel="0" HiVel="127" RRGroup="1"
          FileName="H:\Music Production\Custom\AG-20\samples\intervals\4th\4th s4 hard 60.wav"
          Duplicate="1" MonolithOffset="4161536" MonolithLength="368640"
          SampleRate="44100"/>
  <sample Root="61" LoKey="61" HiKey="61" LoVel="0" HiVel="127" RRGroup="1"
          FileName="H:\Music Production\Custom\AG-20\samples\intervals\4th\4th s4 hard 61.wav"
          Duplicate="1" MonolithOffset="4530176" MonolithLength="376832"
          SampleRate="44100"/>
  <sample Root="62" LoKey="62" HiKey="62" LoVel="0" HiVel="127" RRGroup="1"
          FileName="H:\Music Production\Custom\AG-20\samples\intervals\4th\4th s4 hard 62.wav"
          Duplicate="1" MonolithOffset="4907008" MonolithLength="413696"
          SampleRate="44100"/>
  <sample Root="63" LoKey="63" HiKey="63" LoVel="0" HiVel="127" RRGroup="1"
          FileName="H:\Music Production\Custom\AG-20\samples\intervals\4th\4th s4 hard 63.wav"
          Duplicate="1" MonolithOffset="5320704" MonolithLength="368640"
          SampleRate="44100"/>
  <sample Root="64" LoKey="64" HiKey="64" LoVel="0" HiVel="127" RRGroup="1"
          FileName="H:\Music Production\Custom\AG-20\samples\intervals\4th\4th s4 hard 64.wav"
          Duplicate="1" MonolithOffset="5689344" MonolithLength="417792"
          SampleRate="44100"/>
  <sample Root="65" LoKey="65" HiKey="65" LoVel="0" HiVel="127" RRGroup="1"
          FileName="H:\Music Production\Custom\AG-20\samples\intervals\4th\4th s4 hard 65.wav"
          Duplicate="1" MonolithOffset="6107136" MonolithLength="372736"
          SampleRate="44100"/>
  <sample Root="66" LoKey="66" HiKey="66" LoVel="0" HiVel="127" RRGroup="1"
          FileName="H:\Music Production\Custom\AG-20\samples\intervals\4th\4th s4 hard 66.wav"
          Duplicate="1" MonolithOffset="6479872" MonolithLength="495616"
          SampleRate="44100"/>
  <sample Root="67" LoKey="67" HiKey="67" LoVel="0" HiVel="127" RRGroup="1"
          FileName="H:\Music Production\Custom\AG-20\samples\intervals\4th\4th s4 hard 67.wav"
          Duplicate="1" MonolithOffset="6975488" MonolithLength="544768"
          SampleRate="44100"/>
  <sample Root="68" LoKey="68" HiKey="68" LoVel="0" HiVel="127" RRGroup="1"
          FileName="H:\Music Production\Custom\AG-20\samples\intervals\4th\4th s5 hard 68.wav"
          Duplicate="1" MonolithOffset="7520256" MonolithLength="368640"
          SampleRate="44100"/>
  <sample Root="69" LoKey="69" HiKey="69" LoVel="0" HiVel="127" RRGroup="1"
          FileName="H:\Music Production\Custom\AG-20\samples\intervals\4th\4th s5 hard 69.wav"
          Duplicate="1" MonolithOffset="7888896" MonolithLength="425984"
          SampleRate="44100"/>
  <sample Root="70" LoKey="70" HiKey="70" LoVel="0" HiVel="127" RRGroup="1"
          FileName="H:\Music Production\Custom\AG-20\samples\intervals\4th\4th s5 hard 70.wav"
          Duplicate="1" MonolithOffset="8314880" MonolithLength="393216"
          SampleRate="44100"/>
  <sample Root="71" LoKey="71" HiKey="73" LoVel="0" HiVel="127" RRGroup="1"
          FileName="H:\Music Production\Custom\AG-20\samples\intervals\4th\4th s5 hard 71.wav"
          Duplicate="1" MonolithOffset="8708096" MonolithLength="364544"
          SampleRate="44100"/>
</samplemap>
