<?xml version="1.0" encoding="UTF-8"?>

<samplemap ID="interval min3rd hard" RRGroupAmount="1" MicPositions=";"
           SaveMode="2">
  <sample Root="50" LoKey="48" HiKey="50" LoVel="0" HiVel="127" RRGroup="1"
          FileName="H:\Music Production\Custom\AG-20\samples\intervals\Minor 3rd\s3 Min 3rd hard 50.wav"
          Duplicate="1" MonolithOffset="0" MonolithLength="536576" SampleRate="44100"/>
  <sample Root="51" LoKey="51" HiKey="51" LoVel="0" HiVel="127" RRGroup="1"
          FileName="H:\Music Production\Custom\AG-20\samples\intervals\Minor 3rd\s3 Min 3rd hard 51.wav"
          Duplicate="1" MonolithOffset="536576" MonolithLength="540672"
          SampleRate="44100"/>
  <sample Root="52" LoKey="52" HiKey="52" LoVel="0" HiVel="127" RRGroup="1"
          FileName="H:\Music Production\Custom\AG-20\samples\intervals\Minor 3rd\s3 Min 3rd hard 52.wav"
          Duplicate="1" MonolithOffset="1077248" MonolithLength="491520"
          SampleRate="44100"/>
  <sample Root="53" LoKey="53" HiKey="53" LoVel="0" HiVel="127" RRGroup="1"
          FileName="H:\Music Production\Custom\AG-20\samples\intervals\Minor 3rd\s3 Min 3rd hard 53.wav"
          Duplicate="1" MonolithOffset="1568768" MonolithLength="454656"
          SampleRate="44100"/>
  <sample Root="54" LoKey="54" HiKey="54" LoVel="0" HiVel="127" RRGroup="1"
          FileName="H:\Music Production\Custom\AG-20\samples\intervals\Minor 3rd\s3 Min 3rd hard 54.wav"
          Duplicate="1" MonolithOffset="2023424" MonolithLength="389120"
          SampleRate="44100"/>
  <sample Root="55" LoKey="55" HiKey="55" LoVel="0" HiVel="127" RRGroup="1"
          FileName="H:\Music Production\Custom\AG-20\samples\intervals\Minor 3rd\s4 Min 3rd hard 55.wav"
          Duplicate="1" MonolithOffset="2412544" MonolithLength="475136"
          SampleRate="44100"/>
  <sample Root="56" LoKey="56" HiKey="56" LoVel="0" HiVel="127" RRGroup="1"
          FileName="H:\Music Production\Custom\AG-20\samples\intervals\Minor 3rd\s4 Min 3rd hard 56.wav"
          Duplicate="1" MonolithOffset="2887680" MonolithLength="442368"
          SampleRate="44100"/>
  <sample Root="57" LoKey="57" HiKey="57" LoVel="0" HiVel="127" RRGroup="1"
          FileName="H:\Music Production\Custom\AG-20\samples\intervals\Minor 3rd\s4 Min 3rd hard 57.wav"
          Duplicate="1" MonolithOffset="3330048" MonolithLength="495616"
          SampleRate="44100"/>
  <sample Root="58" LoKey="58" HiKey="58" LoVel="0" HiVel="127" RRGroup="1"
          FileName="H:\Music Production\Custom\AG-20\samples\intervals\Minor 3rd\s4 Min 3rd hard 58.wav"
          Duplicate="1" MonolithOffset="3825664" MonolithLength="487424"
          SampleRate="44100"/>
  <sample Root="59" LoKey="59" HiKey="59" LoVel="0" HiVel="127" RRGroup="1"
          FileName="H:\Music Production\Custom\AG-20\samples\intervals\Minor 3rd\s4 Min 3rd hard 59.wav"
          Duplicate="1" MonolithOffset="4313088" MonolithLength="454656"
          SampleRate="44100"/>
  <sample Root="60" LoKey="60" HiKey="60" LoVel="0" HiVel="127" RRGroup="1"
          FileName="H:\Music Production\Custom\AG-20\samples\intervals\Minor 3rd\s4 Min 3rd hard 60.wav"
          Duplicate="1" MonolithOffset="4767744" MonolithLength="430080"
          SampleRate="44100"/>
  <sample Root="61" LoKey="61" HiKey="61" LoVel="0" HiVel="127" RRGroup="1"
          FileName="H:\Music Production\Custom\AG-20\samples\intervals\Minor 3rd\s4 Min 3rd hard 61.wav"
          Duplicate="1" MonolithOffset="5197824" MonolithLength="442368"
          SampleRate="44100"/>
  <sample Root="62" LoKey="62" HiKey="62" LoVel="0" HiVel="127" RRGroup="1"
          FileName="H:\Music Production\Custom\AG-20\samples\intervals\Minor 3rd\s4 Min 3rd hard 62.wav"
          Duplicate="1" MonolithOffset="5640192" MonolithLength="446464"
          SampleRate="44100"/>
  <sample Root="63" LoKey="63" HiKey="63" LoVel="0" HiVel="127" RRGroup="1"
          FileName="H:\Music Production\Custom\AG-20\samples\intervals\Minor 3rd\s4 Min 3rd hard 63.wav"
          Duplicate="1" MonolithOffset="6086656" MonolithLength="487424"
          SampleRate="44100"/>
  <sample Root="64" LoKey="64" HiKey="64" LoVel="0" HiVel="127" RRGroup="1"
          FileName="H:\Music Production\Custom\AG-20\samples\intervals\Minor 3rd\s4 Min 3rd hard 64.wav"
          Duplicate="1" MonolithOffset="6574080" MonolithLength="462848"
          SampleRate="44100"/>
  <sample Root="65" LoKey="65" HiKey="65" LoVel="0" HiVel="127" RRGroup="1"
          FileName="H:\Music Production\Custom\AG-20\samples\intervals\Minor 3rd\s4 Min 3rd hard 65.wav"
          Duplicate="1" MonolithOffset="7036928" MonolithLength="446464"
          SampleRate="44100"/>
  <sample Root="66" LoKey="66" HiKey="66" LoVel="0" HiVel="127" RRGroup="1"
          FileName="H:\Music Production\Custom\AG-20\samples\intervals\Minor 3rd\s4 Min 3rd hard 66.wav"
          Duplicate="1" MonolithOffset="7483392" MonolithLength="434176"
          SampleRate="44100"/>
  <sample Root="67" LoKey="67" HiKey="67" LoVel="0" HiVel="127" RRGroup="1"
          FileName="H:\Music Production\Custom\AG-20\samples\intervals\Minor 3rd\s4 Min 3rd hard 67.wav"
          Duplicate="1" MonolithOffset="7917568" MonolithLength="438272"
          SampleRate="44100"/>
  <sample Root="68" LoKey="68" HiKey="68" LoVel="0" HiVel="127" RRGroup="1"
          FileName="H:\Music Production\Custom\AG-20\samples\intervals\Minor 3rd\s5 Min 3rd hard 68.wav"
          Duplicate="1" MonolithOffset="8355840" MonolithLength="237568"
          SampleRate="44100"/>
  <sample Root="69" LoKey="69" HiKey="69" LoVel="0" HiVel="127" RRGroup="1"
          FileName="H:\Music Production\Custom\AG-20\samples\intervals\Minor 3rd\s5 Min 3rd hard 69.wav"
          Duplicate="1" MonolithOffset="8593408" MonolithLength="323584"
          SampleRate="44100"/>
  <sample Root="70" LoKey="70" HiKey="70" LoVel="0" HiVel="127" RRGroup="1"
          FileName="H:\Music Production\Custom\AG-20\samples\intervals\Minor 3rd\s5 Min 3rd hard 70.wav"
          Duplicate="1" MonolithOffset="8916992" MonolithLength="344064"
          SampleRate="44100"/>
  <sample Root="71" LoKey="71" HiKey="73" LoVel="0" HiVel="127" RRGroup="1"
          FileName="H:\Music Production\Custom\AG-20\samples\intervals\Minor 3rd\s5 Min 3rd hard 71.wav"
          Duplicate="1" MonolithOffset="9261056" MonolithLength="364544"
          SampleRate="44100"/>
</samplemap>
