<?xml version="1.0" encoding="UTF-8"?>

<samplemap ID="sustain soft" RRGroupAmount="1" MicPositions=";" SaveMode="2">
  <sample Root="38" LoKey="36" HiKey="38" LoVel="0" HiVel="127" RRGroup="1"
          FileName="H:\Music Production\Custom\AG-20\samples\sustains\sustain soft 38.wav"
          Duplicate="1" MonolithOffset="0" MonolithLength="397312" SampleRate="44100"/>
  <sample Root="39" LoKey="39" HiKey="39" LoVel="0" HiVel="127" RRGroup="1"
          FileName="H:\Music Production\Custom\AG-20\samples\sustains\sustain soft 39.wav"
          Duplicate="1" MonolithOffset="397312" MonolithLength="405504"
          SampleRate="44100"/>
  <sample Root="40" LoKey="40" HiKey="40" LoVel="0" HiVel="127" RRGroup="1"
          FileName="H:\Music Production\Custom\AG-20\samples\sustains\sustain soft 40.wav"
          Duplicate="1" MonolithOffset="802816" MonolithLength="327680"
          SampleRate="44100"/>
  <sample Root="41" LoKey="41" HiKey="41" LoVel="0" HiVel="127" RRGroup="1"
          FileName="H:\Music Production\Custom\AG-20\samples\sustains\sustain soft 41.wav"
          Duplicate="1" MonolithOffset="1130496" MonolithLength="344064"
          SampleRate="44100"/>
  <sample Root="42" LoKey="42" HiKey="42" LoVel="0" HiVel="127" RRGroup="1"
          FileName="H:\Music Production\Custom\AG-20\samples\sustains\sustain soft 42.wav"
          Duplicate="1" MonolithOffset="1474560" MonolithLength="331776"
          SampleRate="44100"/>
  <sample Root="43" LoKey="43" HiKey="43" LoVel="0" HiVel="127" RRGroup="1"
          FileName="H:\Music Production\Custom\AG-20\samples\sustains\sustain soft 43.wav"
          Duplicate="1" MonolithOffset="1806336" MonolithLength="376832"
          SampleRate="44100"/>
  <sample Root="44" LoKey="44" HiKey="44" LoVel="0" HiVel="127" RRGroup="1"
          FileName="H:\Music Production\Custom\AG-20\samples\sustains\sustain soft 44.wav"
          Duplicate="1" MonolithOffset="2183168" MonolithLength="327680"
          SampleRate="44100"/>
  <sample Root="45" LoKey="45" HiKey="45" LoVel="0" HiVel="127" RRGroup="1"
          FileName="H:\Music Production\Custom\AG-20\samples\sustains\sustain soft 45.wav"
          Duplicate="1" MonolithOffset="2510848" MonolithLength="344064"
          SampleRate="44100"/>
  <sample Root="46" LoKey="46" HiKey="46" LoVel="0" HiVel="127" RRGroup="1"
          FileName="H:\Music Production\Custom\AG-20\samples\sustains\sustain soft 46.wav"
          Duplicate="1" MonolithOffset="2854912" MonolithLength="356352"
          SampleRate="44100"/>
  <sample Root="47" LoKey="47" HiKey="47" LoVel="0" HiVel="127" RRGroup="1"
          FileName="H:\Music Production\Custom\AG-20\samples\sustains\sustain soft 47.wav"
          Duplicate="1" MonolithOffset="3211264" MonolithLength="389120"
          SampleRate="44100"/>
  <sample Root="48" LoKey="48" HiKey="48" LoVel="0" HiVel="127" RRGroup="1"
          FileName="H:\Music Production\Custom\AG-20\samples\sustains\sustain soft 48.wav"
          Duplicate="1" MonolithOffset="3600384" MonolithLength="335872"
          SampleRate="44100"/>
  <sample Root="49" LoKey="49" HiKey="49" LoVel="0" HiVel="127" RRGroup="1"
          FileName="H:\Music Production\Custom\AG-20\samples\sustains\sustain soft 49.wav"
          Duplicate="1" MonolithOffset="3936256" MonolithLength="356352"
          SampleRate="44100"/>
  <sample Root="50" LoKey="50" HiKey="50" LoVel="0" HiVel="127" RRGroup="1"
          FileName="H:\Music Production\Custom\AG-20\samples\sustains\sustain soft 50.wav"
          Duplicate="1" MonolithOffset="4292608" MonolithLength="372736"
          SampleRate="44100"/>
  <sample Root="51" LoKey="51" HiKey="51" LoVel="0" HiVel="127" RRGroup="1"
          FileName="H:\Music Production\Custom\AG-20\samples\sustains\sustain soft 51.wav"
          Duplicate="1" MonolithOffset="4665344" MonolithLength="258048"
          SampleRate="44100"/>
  <sample Root="52" LoKey="52" HiKey="52" LoVel="0" HiVel="127" RRGroup="1"
          FileName="H:\Music Production\Custom\AG-20\samples\sustains\sustain soft 52.wav"
          Duplicate="1" MonolithOffset="4923392" MonolithLength="258048"
          SampleRate="44100"/>
  <sample Root="53" LoKey="53" HiKey="53" LoVel="0" HiVel="127" RRGroup="1"
          FileName="H:\Music Production\Custom\AG-20\samples\sustains\sustain soft 53.wav"
          Duplicate="1" MonolithOffset="5181440" MonolithLength="212992"
          SampleRate="44100"/>
  <sample Root="54" LoKey="54" HiKey="54" LoVel="0" HiVel="127" RRGroup="1"
          FileName="H:\Music Production\Custom\AG-20\samples\sustains\sustain soft 54.wav"
          Duplicate="1" MonolithOffset="5394432" MonolithLength="221184"
          SampleRate="44100"/>
  <sample Root="55" LoKey="55" HiKey="55" LoVel="0" HiVel="127" RRGroup="1"
          FileName="H:\Music Production\Custom\AG-20\samples\sustains\sustain soft 55.wav"
          Duplicate="1" MonolithOffset="5615616" MonolithLength="393216"
          SampleRate="44100"/>
  <sample Root="56" LoKey="56" HiKey="56" LoVel="0" HiVel="127" RRGroup="1"
          FileName="H:\Music Production\Custom\AG-20\samples\sustains\sustain soft 56.wav"
          Duplicate="1" MonolithOffset="6008832" MonolithLength="274432"
          SampleRate="44100"/>
  <sample Root="57" LoKey="57" HiKey="57" LoVel="0" HiVel="127" RRGroup="1"
          FileName="H:\Music Production\Custom\AG-20\samples\sustains\sustain soft 57.wav"
          Duplicate="1" MonolithOffset="6283264" MonolithLength="282624"
          SampleRate="44100"/>
  <sample Root="58" LoKey="58" HiKey="58" LoVel="0" HiVel="127" RRGroup="1"
          FileName="H:\Music Production\Custom\AG-20\samples\sustains\sustain soft 58.wav"
          Duplicate="1" MonolithOffset="6565888" MonolithLength="286720"
          SampleRate="44100"/>
  <sample Root="59" LoKey="59" HiKey="59" LoVel="0" HiVel="127" RRGroup="1"
          FileName="H:\Music Production\Custom\AG-20\samples\sustains\sustain soft 59.wav"
          Duplicate="1" MonolithOffset="6852608" MonolithLength="294912"
          SampleRate="44100"/>
  <sample Root="60" LoKey="60" HiKey="60" LoVel="0" HiVel="127" RRGroup="1"
          FileName="H:\Music Production\Custom\AG-20\samples\sustains\sustain soft 60.wav"
          Duplicate="1" MonolithOffset="7147520" MonolithLength="319488"
          SampleRate="44100"/>
  <sample Root="61" LoKey="61" HiKey="61" LoVel="0" HiVel="127" RRGroup="1"
          FileName="H:\Music Production\Custom\AG-20\samples\sustains\sustain soft 61.wav"
          Duplicate="1" MonolithOffset="7467008" MonolithLength="331776"
          SampleRate="44100"/>
  <sample Root="62" LoKey="62" HiKey="62" LoVel="0" HiVel="127" RRGroup="1"
          FileName="H:\Music Production\Custom\AG-20\samples\sustains\sustain soft 62.wav"
          Duplicate="1" MonolithOffset="7798784" MonolithLength="311296"
          SampleRate="44100"/>
  <sample Root="63" LoKey="63" HiKey="63" LoVel="0" HiVel="127" RRGroup="1"
          FileName="H:\Music Production\Custom\AG-20\samples\sustains\sustain soft 63.wav"
          Duplicate="1" MonolithOffset="8110080" MonolithLength="266240"
          SampleRate="44100"/>
  <sample Root="64" LoKey="64" HiKey="64" LoVel="0" HiVel="127" RRGroup="1"
          FileName="H:\Music Production\Custom\AG-20\samples\sustains\sustain soft 64.wav"
          Duplicate="1" MonolithOffset="8376320" MonolithLength="348160"
          SampleRate="44100"/>
  <sample Root="65" LoKey="65" HiKey="65" LoVel="0" HiVel="127" RRGroup="1"
          FileName="H:\Music Production\Custom\AG-20\samples\sustains\sustain soft 65.wav"
          Duplicate="1" MonolithOffset="8724480" MonolithLength="303104"
          SampleRate="44100"/>
  <sample Root="66" LoKey="66" HiKey="66" LoVel="0" HiVel="127" RRGroup="1"
          FileName="H:\Music Production\Custom\AG-20\samples\sustains\sustain soft 66.wav"
          Duplicate="1" MonolithOffset="9027584" MonolithLength="315392"
          SampleRate="44100"/>
  <sample Root="67" LoKey="67" HiKey="67" LoVel="0" HiVel="127" RRGroup="1"
          FileName="H:\Music Production\Custom\AG-20\samples\sustains\sustain soft 67.wav"
          Duplicate="1" MonolithOffset="9342976" MonolithLength="249856"
          SampleRate="44100"/>
  <sample Root="68" LoKey="68" HiKey="68" LoVel="0" HiVel="127" RRGroup="1"
          FileName="H:\Music Production\Custom\AG-20\samples\sustains\sustain soft 68.wav"
          Duplicate="1" MonolithOffset="9592832" MonolithLength="237568"
          SampleRate="44100"/>
  <sample Root="69" LoKey="69" HiKey="69" LoVel="0" HiVel="127" RRGroup="1"
          FileName="H:\Music Production\Custom\AG-20\samples\sustains\sustain soft 69.wav"
          Duplicate="1" MonolithOffset="9830400" MonolithLength="258048"
          SampleRate="44100"/>
  <sample Root="70" LoKey="70" HiKey="70" LoVel="0" HiVel="127" RRGroup="1"
          FileName="H:\Music Production\Custom\AG-20\samples\sustains\sustain soft 70.wav"
          Duplicate="1" MonolithOffset="10088448" MonolithLength="212992"
          SampleRate="44100"/>
  <sample Root="71" LoKey="71" HiKey="71" LoVel="0" HiVel="127" RRGroup="1"
          FileName="H:\Music Production\Custom\AG-20\samples\sustains\sustain soft 71.wav"
          Duplicate="1" MonolithOffset="10301440" MonolithLength="225280"
          SampleRate="44100"/>
  <sample Root="72" LoKey="72" HiKey="72" LoVel="0" HiVel="127" RRGroup="1"
          FileName="H:\Music Production\Custom\AG-20\samples\sustains\sustain soft 72.wav"
          Duplicate="1" MonolithOffset="10526720" MonolithLength="221184"
          SampleRate="44100"/>
  <sample Root="73" LoKey="73" HiKey="73" LoVel="0" HiVel="127" RRGroup="1"
          FileName="H:\Music Production\Custom\AG-20\samples\sustains\sustain soft 73.wav"
          Duplicate="1" MonolithOffset="10747904" MonolithLength="212992"
          SampleRate="44100"/>
  <sample Root="74" LoKey="74" HiKey="74" LoVel="0" HiVel="127" RRGroup="1"
          FileName="H:\Music Production\Custom\AG-20\samples\sustains\sustain soft 74.wav"
          Duplicate="1" MonolithOffset="10960896" MonolithLength="212992"
          SampleRate="44100"/>
  <sample Root="75" LoKey="75" HiKey="75" LoVel="0" HiVel="127" RRGroup="1"
          FileName="H:\Music Production\Custom\AG-20\samples\sustains\sustain soft 75.wav"
          Duplicate="1" MonolithOffset="11173888" MonolithLength="249856"
          SampleRate="44100"/>
  <sample Root="76" LoKey="76" HiKey="78" LoVel="0" HiVel="127" RRGroup="1"
          FileName="H:\Music Production\Custom\AG-20\samples\sustains\sustain soft 76.wav"
          Duplicate="1" MonolithOffset="11423744" MonolithLength="212992"
          SampleRate="44100"/>
</samplemap>
