<?xml version="1.0" encoding="UTF-8"?>

<ContentProperties DeviceType="Desktop">
  <Component type="ScriptPanel" id="background panel" x="0" y="0" width="630"
             height="334" bgColour="4294901760" itemColour="4283519313" itemColour2="4279900698"
             textColour="0" opaque="1" borderSize="0" borderRadius="0"/>
  <Component type="ScriptImage" id="main page" x="0" y="-63" width="633" height="313"
             fileName="{PROJECT_FOLDER}Wallpaper.png" processorId="AG-20">
    <Component type="ScriptButton" id="PP button" x="30" y="124" parentComponent="main page"
               height="18" width="160" filmstripImage="{PROJECT_FOLDER}Predictive_playback_button.png"
               numStrips="6" defaultValue="1"/>
    <Component type="ScriptButton" id="Release Samples Button" x="30" y="144"
               width="160" height="18" parentComponent="main page" filmstripImage="{PROJECT_FOLDER}Release Samples button.png"
               numStrips="6" defaultValue="1"/>
    <Component type="ScriptSlider" id="Neighbour RR" x="29" y="184" max="2"
               filmstripImage="{PROJECT_FOLDER}neighbour rr slider.png" numStrips="3"
               height="18" width="160" parentComponent="main page" defaultValue="1"
               stepSize="1"/>
    <Component type="ScriptSlider" id="Soft Velocity" x="29" y="164" width="160"
               height="18" parentComponent="main page" filmstripImage="{PROJECT_FOLDER}soft velocity slider.png"
               numStrips="128" min="1" max="127" defaultValue="50" stepSize="1"/>
    <Component type="ScriptSlider" id="12 Str Volume" x="29" y="204" width="160"
               height="18" parentComponent="main page" filmstripImage="{PROJECT_FOLDER}12 string slider.png"
               max="100" numStrips="101" stepSize="1"/>
    <Component type="ScriptSlider" id="Power Slap" x="205" y="164" width="160"
               height="18" parentComponent="main page" filmstripImage="{PROJECT_FOLDER}Power Slap.png"
               numStrips="2" mouseSensitivity="0" stepSize="1"/>
    <Component type="ScriptSlider" id="Harmonics" x="205" y="184" width="160"
               height="18" parentComponent="main page" stepSize="1" mouseSensitivity="0"
               numStrips="2" filmstripImage="{PROJECT_FOLDER}Harmonics.png"/>
    <Component type="ScriptSlider" id="Release Knob" x="37" y="250" width="49"
               height="49" parentComponent="main page" filmstripImage="{PROJECT_FOLDER}knob.png"
               numStrips="64" min="25" max="3000" defaultValue="100" mode="Time"/>
  </Component>
  <Component type="ScriptFloatingTile" id="keyboard" x="0" y="246" ContentType="Keyboard"
             bgColour="6579300" itemColour="436207615" itemColour2="4294967295"
             Data="{&#13;&#10;  &quot;KeyWidth&quot;: 14,&#13;&#10;  &quot;DisplayOctaveNumber&quot;: false,&#13;&#10;  &quot;LowKey&quot;: 24,&#13;&#10;  &quot;HiKey&quot;: 127,&#13;&#10;  &quot;CustomGraphics&quot;: false,&#13;&#10;  &quot;DefaultAppearance&quot;: true,&#13;&#10;  &quot;BlackKeyRatio&quot;: 0.69999999,&#13;&#10;  &quot;ToggleMode&quot;: false,&#13;&#10;  &quot;MidiChannel&quot;: 1,&#13;&#10;  &quot;UseVectorGraphics&quot;: false,&#13;&#10;  &quot;UseFlatStyle&quot;: false,&#13;&#10;  &quot;MPEKeyboard&quot;: false,&#13;&#10;  &quot;MPEStartChannel&quot;: 2,&#13;&#10;  &quot;MPEEndChannel&quot;: 16&#13;&#10;}"
             textColour="4294951115" width="633" height="100" FontSize="18"/>
  <Component type="ScriptFloatingTile" id="performance data" x="-1" y="319"
             width="233" height="13" ContentType="PerformanceLabel" bgColour="0"
             itemColour="4294951115" itemColour2="4294951115" Data="{&#13;&#10;}"
             Font="Calibri" FontSize="18"/>
</ContentProperties>
