<?xml version="1.0" encoding="UTF-8"?>

<ProjectSettings>
  <Name value="AG-20"/>
  <Version value="1.0.0"/>
  <Description value="Acoustic Guitar"/>
  <BundleIdentifier value="com.00laboratories.ag-20"/>
  <PluginCode value="Olbb"/>
  <EmbedAudioFiles value="Yes"/>
  <SupportFullDynamicsHLAC value="No"/>
  <AdditionalDspLibraries value=""/>
  <OSXStaticLibs value=""/>
  <WindowsStaticLibFolder value=""/>
  <ExtraDefinitionsWindows value=""/>
  <ExtraDefinitionsOSX value=""/>
  <ExtraDefinitionsIOS value=""/>
  <AppGroupID value=""/>
  <RedirectSampleFolder value=""/>
  <AAXCategoryFX value="AAX_ePlugInCategory_Modulation"/>
  <SupportMonoFX value="No"/>
  <UseRawFrontend value="0"/>
</ProjectSettings>
